{
  "base": {
    "passed": 4,
    "total": 51,
    "accuracy": 0.0784313725490196
  },
  "sft": {
    "passed": 4,
    "total": 51,
    "accuracy": 0.0784313725490196
  },
  "dpo": {
    "passed": 3,
    "total": 51,
    "accuracy": 0.058823529411764705
  }
}