{
  "base": {
    "passed": 4,
    "total": 51,
    "accuracy": 0.0784313725490196
  },
  "sft": {
    "passed": 8,
    "total": 51,
    "accuracy": 0.1568627450980392
  },
  "dpo": {
    "passed": 2,
    "total": 51,
    "accuracy": 0.0392156862745098
  }
}