{
  "base": {
    "passed": 4,
    "total": 51,
    "accuracy": 0.0784313725490196
  },
  "sft": {
    "passed": 8,
    "total": 51,
    "accuracy": 0.1568627450980392
  },
  "dpo": {
    "passed": 10,
    "total": 51,
    "accuracy": 0.19607843137254902
  }
}